,Id,Movie name,Year,Director,Link,Stars,Rating,Number of reviews,Genres,Country,Language,Budget,Gross box office revenue,Runtime
1,0111161,The Shawshank Redemption,1994,Frank Darabont,https://www.imdb.com/title/tt0111161/,"['Tim Robbins', 'Morgan Freeman', 'Bob Gunton']",9.3,2.6M,['Drama'],United States,English,"$25,000,000","$28,884,504",2 hours 22 minutes
2,0068646,The Godfather,1972,Francis Ford Coppola,https://www.imdb.com/title/tt0068646/,"['Marlon Brando', 'Al Pacino', 'James Caan']",9.2,1.8M,"['Crime', 'Drama']",United States,English,"$6,000,000","$250,341,816",2 hours 55 minutes
3,0468569,The Dark Knight,2008,Christopher Nolan,https://www.imdb.com/title/tt0468569/,"['Christian Bale', 'Heath Ledger', 'Aaron Eckhart']",9.0,2.6M,"['Action', 'Crime', 'Drama']",United States,English,"$185,000,000","$1,006,234,167",2 hours 32 minutes
4,0071562,The Godfather Part II,1974,Francis Ford Coppola,https://www.imdb.com/title/tt0071562/,"['Al Pacino', 'Robert De Niro', 'Robert Duvall']",9.0,1.3M,"['Crime', 'Drama']",United States,English,"$13,000,000","$47,961,919",3 hours 22 minutes
5,0050083,12 Angry Men,1957,Sidney Lumet,https://www.imdb.com/title/tt0050083/,"['Henry Fonda', 'Lee J. Cobb', 'Martin Balsam']",9.0,782K,"['Crime', 'Drama']",United States,English,"$350,000",$955,1 hour 36 minutes
6,0108052,Schindler's List,1993,Steven Spielberg,https://www.imdb.com/title/tt0108052/,"['Liam Neeson', 'Ralph Fiennes', 'Ben Kingsley']",9.0,1.3M,"['Biography', 'Drama', 'History']",United States,English,"$22,000,000","$322,161,245",3 hours 15 minutes
7,0167260,The Lord of the Rings: The Return of the King,2003,Peter Jackson,https://www.imdb.com/title/tt0167260/,"['Elijah Wood', 'Viggo Mortensen', 'Ian McKellen']",9.0,1.8M,"['Action', 'Adventure', 'Drama']",New Zealand,English,"$94,000,000","$1,146,436,214",3 hours 21 minutes
8,0110912,Pulp Fiction,1994,Quentin Tarantino,https://www.imdb.com/title/tt0110912/,"['John Travolta', 'Uma Thurman', 'Samuel L. Jackson']",8.9,2M,"['Crime', 'Drama']",United States,English,"$8,000,000","$213,928,762",2 hours 34 minutes
9,0120737,The Lord of the Rings: The Fellowship of the Ring,2001,Peter Jackson,https://www.imdb.com/title/tt0120737/,"['Elijah Wood', 'Ian McKellen', 'Orlando Bloom']",8.8,1.9M,"['Action', 'Adventure', 'Drama']",New Zealand,English,"$93,000,000","$898,146,964",2 hours 58 minutes
10,0060196,"The Good, the Bad and the Ugly",1966,Sergio Leone,https://www.imdb.com/title/tt0060196/,"['Clint Eastwood', 'Eli Wallach', 'Lee Van Cleef']",8.8,756K,"['Adventure', 'Western']",Italy,Italian,"$1,200,000","$25,253,887",2 hours 58 minutes
11,0109830,Forrest Gump,1994,Robert Zemeckis,https://www.imdb.com/title/tt0109830/,"['Tom Hanks', 'Robin Wright', 'Gary Sinise']",8.8,2.1M,"['Drama', 'Romance']",United States,English,"$55,000,000","$678,226,465",2 hours 22 minutes
12,0137523,Fight Club,1999,David Fincher,https://www.imdb.com/title/tt0137523/,"['Brad Pitt', 'Edward Norton', 'Meat Loaf']",8.8,2.1M,['Drama'],Germany,English,"$63,000,000","$101,209,702",2 hours 19 minutes
13,1375666,Inception,2010,Christopher Nolan,https://www.imdb.com/title/tt1375666/,"['Leonardo DiCaprio', 'Joseph Gordon-Levitt', 'Elliot Page']",8.8,2.3M,"['Action', 'Adventure', 'Sci-Fi']",United States,English,"$160,000,000","$836,848,102",2 hours 28 minutes
14,0167261,The Lord of the Rings: The Two Towers,2002,Peter Jackson,https://www.imdb.com/title/tt0167261/,"['Elijah Wood', 'Ian McKellen', 'Viggo Mortensen']",8.8,1.6M,"['Action', 'Adventure', 'Drama']",New Zealand,English,"$94,000,000","$947,896,241",2 hours 59 minutes
15,0080684,Star Wars: Episode V - The Empire Strikes Back,1980,Irvin Kershner,https://www.imdb.com/title/tt0080684/,"['Mark Hamill', 'Harrison Ford', 'Carrie Fisher']",8.7,1.3M,"['Action', 'Adventure', 'Fantasy']",United States,English,"$18,000,000","$538,375,067",2 hours 4 minutes
16,0133093,The Matrix,1999,Lana Wachowski,https://www.imdb.com/title/tt0133093/,"['Keanu Reeves', 'Laurence Fishburne', 'Carrie-Anne Moss']",8.7,1.9M,"['Action', 'Sci-Fi']",United States,English,"$63,000,000","$467,222,728",2 hours 16 minutes
17,0099685,Goodfellas,1990,Martin Scorsese,https://www.imdb.com/title/tt0099685/,"['Robert De Niro', 'Ray Liotta', 'Joe Pesci']",8.7,1.1M,"['Biography', 'Crime', 'Drama']",United States,English,"$25,000,000","$47,036,784",2 hours 25 minutes
18,0073486,One Flew Over the Cuckoo's Nest,1975,Milos Forman,https://www.imdb.com/title/tt0073486/,"['Jack Nicholson', 'Louise Fletcher', 'Michael Berryman']",8.7,1M,['Drama'],United States,English,"$3,000,000","$109,114,817",2 hours 13 minutes
19,0114369,Se7en,1995,David Fincher,https://www.imdb.com/title/tt0114369/,"['Morgan Freeman', 'Brad Pitt', 'Kevin Spacey']",8.6,1.6M,"['Crime', 'Drama', 'Mystery']",United States,English,"$33,000,000","$327,333,559",2 hours 7 minutes
20,0047478,Seven Samurai,1954,Akira Kurosawa,https://www.imdb.com/title/tt0047478/,"['Toshirô Mifune', 'Takashi Shimura', 'Keiko Tsushima']",8.6,344K,"['Action', 'Drama']",Japan,Japanese,"¥125,000,000","$346,258",3 hours 27 minutes
21,0038650,It's a Wonderful Life,1946,Frank Capra,https://www.imdb.com/title/tt0038650/,"['James Stewart', 'Donna Reed', 'Lionel Barrymore']",8.6,453K,"['Drama', 'Family', 'Fantasy']",United States,English,"$3,180,000","$6,184,298",2 hours 10 minutes
22,0102926,The Silence of the Lambs,1991,Jonathan Demme,https://www.imdb.com/title/tt0102926/,"['Jodie Foster', 'Anthony Hopkins', 'Lawrence A. Bonney']",8.6,1.4M,"['Crime', 'Drama', 'Thriller']",United States,English,"$19,000,000","$272,742,922",1 hour 58 minutes
23,0317248,City of God,2002,Fernando Meirelles,https://www.imdb.com/title/tt0317248/,"['Alexandre Rodrigues', 'Leandro Firmino', 'Matheus Nachtergaele']",8.6,752K,"['Crime', 'Drama']",Brazil,Portuguese,"R$3,300,000","$30,680,793",2 hours 10 minutes
24,0120815,Saving Private Ryan,1998,Steven Spielberg,https://www.imdb.com/title/tt0120815/,"['Tom Hanks', 'Matt Damon', 'Tom Sizemore']",8.6,1.4M,"['Drama', 'War']",United States,English,"$70,000,000","$482,349,603",2 hours 49 minutes
25,0118799,Life Is Beautiful,1997,Roberto Benigni,https://www.imdb.com/title/tt0118799/,"['Roberto Benigni', 'Nicoletta Braschi', 'Giorgio Cantarini']",8.6,689K,"['Comedy', 'Drama', 'Romance']",Italy,Italian,"$20,000,000","$230,098,753",1 hour 56 minutes
26,0816692,Interstellar,2014,Christopher Nolan,https://www.imdb.com/title/tt0816692/,"['Matthew McConaughey', 'Anne Hathaway', 'Jessica Chastain']",8.6,1.8M,"['Adventure', 'Drama', 'Sci-Fi']",United States,English,"$165,000,000","$716,218,351",2 hours 49 minutes
27,0120689,The Green Mile,1999,Frank Darabont,https://www.imdb.com/title/tt0120689/,"['Tom Hanks', 'Michael Clarke Duncan', 'David Morse']",8.6,1.3M,"['Crime', 'Drama', 'Fantasy']",United States,English,"$60,000,000","$286,801,374",3 hours 9 minutes
28,0076759,Star Wars: Episode IV - A New Hope,1977,George Lucas,https://www.imdb.com/title/tt0076759/,"['Mark Hamill', 'Harrison Ford', 'Carrie Fisher']",8.6,1.4M,"['Action', 'Adventure', 'Fantasy']",United States,English,"$11,000,000","$775,398,007",2 hours 1 minute
29,0103064,Terminator 2: Judgment Day,1991,James Cameron,https://www.imdb.com/title/tt0103064/,"['Arnold Schwarzenegger', 'Linda Hamilton', 'Edward Furlong']",8.6,1.1M,"['Action', 'Sci-Fi']",United States,English,"$102,000,000","$520,881,154",2 hours 17 minutes
30,0088763,Back to the Future,1985,Robert Zemeckis,https://www.imdb.com/title/tt0088763/,"['Michael J. Fox', 'Christopher Lloyd', 'Lea Thompson']",8.5,1.2M,"['Adventure', 'Comedy', 'Sci-Fi']",United States,English,"$19,000,000","$383,336,762",1 hour 56 minutes
31,0245429,Spirited Away,2001,Hayao Miyazaki,https://www.imdb.com/title/tt0245429/,"['Daveigh Chase(English version)', 'Suzanne Pleshette(English version)', 'Miyu Irino']",8.6,754K,"['Animation', 'Adventure', 'Family']",Japan,Japanese,"$19,000,000","$355,725,195",2 hours 5 minutes
32,0054215,Psycho,1960,Alfred Hitchcock,https://www.imdb.com/title/tt0054215/,"['Anthony Perkins', 'Janet Leigh', 'Vera Miles']",8.5,667K,"['Horror', 'Mystery', 'Thriller']",United States,English,"$806,947","$32,052,925",1 hour 49 minutes
33,0253474,The Pianist,2002,Roman Polanski,https://www.imdb.com/title/tt0253474/,"['Adrien Brody', 'Thomas Kretschmann', 'Frank Finlay']",8.5,824K,"['Biography', 'Drama', 'Music']",France,English,"$35,000,000","$120,072,577",2 hours 30 minutes
34,6751668,Parasite,2019,Bong Joon Ho,https://www.imdb.com/title/tt6751668/,"['Song Kang-ho', 'Lee Sun-kyun', 'Cho Yeo-jeong']",8.5,782K,"['Drama', 'Thriller']",South Korea,Korean,"$11,400,000","$262,685,553",2 hours 12 minutes
35,0110413,Léon: The Professional,1994,Luc Besson,https://www.imdb.com/title/tt0110413/,"['Jean Reno', 'Gary Oldman', 'Natalie Portman']",8.5,1.2M,"['Action', 'Crime', 'Drama']",France,English,"FRF 115,000,000","$19,552,639",1 hour 50 minutes
36,0110357,The Lion King,1994,Roger Allers,https://www.imdb.com/title/tt0110357/,"['Matthew Broderick', 'Jeremy Irons', 'James Earl Jones']",8.5,1M,"['Animation', 'Adventure', 'Drama']",United States,English,"$45,000,000","$1,063,611,805",1 hour 28 minutes
37,0172495,Gladiator,2000,Ridley Scott,https://www.imdb.com/title/tt0172495/,"['Russell Crowe', 'Joaquin Phoenix', 'Connie Nielsen']",8.5,1.5M,"['Action', 'Adventure', 'Drama']",United States,English,"$103,000,000","$465,380,802",2 hours 35 minutes
38,0120586,American History X,1998,Tony Kaye,https://www.imdb.com/title/tt0120586/,"['Edward Norton', 'Edward Furlong', ""Beverly D'Angelo""]",8.5,1.1M,"['Crime', 'Drama']",United States,English,"$20,000,000","$23,875,127",1 hour 59 minutes
39,0407887,The Departed,2006,Martin Scorsese,https://www.imdb.com/title/tt0407887/,"['Leonardo DiCaprio', 'Matt Damon', 'Jack Nicholson']",8.5,1.3M,"['Crime', 'Drama', 'Thriller']",United States,English,"$90,000,000","$291,480,452",2 hours 31 minutes
40,0114814,The Usual Suspects,1995,Bryan Singer,https://www.imdb.com/title/tt0114814/,"['Kevin Spacey', 'Gabriel Byrne', 'Chazz Palminteri']",8.5,1.1M,"['Crime', 'Drama', 'Mystery']",United States,English,"$6,000,000","$23,341,568",1 hour 46 minutes
41,0482571,The Prestige,2006,Christopher Nolan,https://www.imdb.com/title/tt0482571/,"['Christian Bale', 'Hugh Jackman', 'Scarlett Johansson']",8.5,1.3M,"['Drama', 'Mystery', 'Sci-Fi']",United Kingdom,English,"$40,000,000","$109,676,311",2 hours 10 minutes
42,0034583,Casablanca,1942,Michael Curtiz,https://www.imdb.com/title/tt0034583/,"['Humphrey Bogart', 'Ingrid Bergman', 'Paul Henreid']",8.5,568K,"['Drama', 'Romance', 'War']",United States,English,"$950,000","$4,498,051",1 hour 42 minutes
43,2582802,Whiplash,2014,Damien Chazelle,https://www.imdb.com/title/tt2582802/,"['Miles Teller', 'J.K. Simmons', 'Melissa Benoist']",8.5,844K,"['Drama', 'Music']",United States,English,"$3,300,000","$49,396,747",1 hour 46 minutes
44,1675434,The Intouchables,2011,Olivier Nakache,https://www.imdb.com/title/tt1675434/,"['François Cluzet', 'Omar Sy', 'Anne Le Ny']",8.5,849K,"['Biography', 'Comedy', 'Drama']",France,French,"€9,500,000","$426,588,510",1 hour 52 minutes
45,0056058,Harakiri,1962,Masaki Kobayashi,https://www.imdb.com/title/tt0056058/,"['Tatsuya Nakadai', 'Akira Ishihama', 'Shima Iwashita']",8.6,57K,"['Action', 'Drama', 'Mystery']",Japan,Japanese,,"$15,222",2 hours 13 minutes
46,0095327,Grave of the Fireflies,1988,Isao Takahata,https://www.imdb.com/title/tt0095327/,"['Tsutomu Tatsumi', 'Ayano Shiraishi', 'Akemi Yamaguchi']",8.5,275K,"['Animation', 'Drama', 'War']",Japan,Japanese,"$3,700,000","$516,962",1 hour 29 minutes
47,0027977,Modern Times,1936,Charles Chaplin,https://www.imdb.com/title/tt0027977/,"['Charles Chaplin', 'Paulette Goddard', 'Henry Bergman']",8.5,242K,"['Comedy', 'Drama', 'Romance']",United States,English,"$1,500,000","$463,618",1 hour 27 minutes
48,0064116,Once Upon a Time in the West,1968,Sergio Leone,https://www.imdb.com/title/tt0064116/,"['Henry Fonda', 'Charles Bronson', 'Claudia Cardinale']",8.5,328K,['Western'],Italy,Italian,"$5,000,000","$5,434,825",2 hours 45 minutes
49,0047396,Rear Window,1954,Alfred Hitchcock,https://www.imdb.com/title/tt0047396/,"['James Stewart', 'Grace Kelly', 'Wendell Corey']",8.5,489K,"['Mystery', 'Thriller']",United States,English,"$1,000,000","$37,034,579",1 hour 52 minutes
50,0021749,City Lights,1931,Charles Chaplin,https://www.imdb.com/title/tt0021749/,"['Charles Chaplin', 'Virginia Cherrill', 'Florence Lee']",8.5,184K,"['Comedy', 'Drama', 'Romance']",United States,None,"$1,500,000","$50,419",1 hour 27 minutes
51,0078748,Alien,1979,Ridley Scott,https://www.imdb.com/title/tt0078748/,"['Sigourney Weaver', 'Tom Skerritt', 'John Hurt']",8.5,874K,"['Horror', 'Sci-Fi']",United Kingdom,English,"$11,000,000","$106,285,522",1 hour 57 minutes
52,0095765,Cinema Paradiso,1988,Giuseppe Tornatore,https://www.imdb.com/title/tt0095765/,"['Philippe Noiret', 'Enzo Cannavale', 'Antonella Attili']",8.5,260K,"['Drama', 'Romance']",Italy,Italian,"$5,000,000","$13,019,063",2 hours 35 minutes
53,0078788,Apocalypse Now,1979,Francis Ford Coppola,https://www.imdb.com/title/tt0078788/,"['Martin Sheen', 'Marlon Brando', 'Robert Duvall']",8.5,663K,"['Drama', 'Mystery', 'War']",United States,English,"$31,500,000","$104,728,335",2 hours 27 minutes
54,0209144,Memento,2000,Christopher Nolan,https://www.imdb.com/title/tt0209144/,"['Guy Pearce', 'Carrie-Anne Moss', 'Joe Pantoliano']",8.4,1.2M,"['Mystery', 'Thriller']",United States,English,"$9,000,000","$40,047,078",1 hour 53 minutes
55,0082971,Indiana Jones and the Raiders of the Lost Ark,1981,Steven Spielberg,https://www.imdb.com/title/tt0082971/,"['Harrison Ford', 'Karen Allen', 'Paul Freeman']",8.4,959K,"['Action', 'Adventure']",United States,English,"$18,000,000","$389,925,971",1 hour 55 minutes
56,1853728,Django Unchained,2012,Quentin Tarantino,https://www.imdb.com/title/tt1853728/,"['Jamie Foxx', 'Christoph Waltz', 'Leonardo DiCaprio']",8.4,1.5M,"['Drama', 'Western']",United States,English,"$100,000,000","$426,074,373",2 hours 45 minutes
57,0910970,WALL·E,2008,Andrew Stanton,https://www.imdb.com/title/tt0910970/,"['Ben Burtt', 'Elissa Knight', 'Jeff Garlin']",8.4,1.1M,"['Animation', 'Adventure', 'Family']",United States,English,"$180,000,000","$521,311,890",1 hour 38 minutes
58,0405094,The Lives of Others,2006,Florian Henckel von Donnersmarck,https://www.imdb.com/title/tt0405094/,"['Ulrich Mühe', 'Martina Gedeck', 'Sebastian Koch']",8.4,388K,"['Drama', 'Mystery', 'Thriller']",Germany,German,"$2,000,000","$77,356,942",2 hours 17 minutes
59,0043014,Sunset Blvd.,1950,Billy Wilder,https://www.imdb.com/title/tt0043014/,"['William Holden', 'Gloria Swanson', 'Erich von Stroheim']",8.4,221K,"['Drama', 'Film-Noir']",United States,English,"$1,752,000","$300,073",1 hour 50 minutes
60,0050825,Paths of Glory,1957,Stanley Kubrick,https://www.imdb.com/title/tt0050825/,"['Kirk Douglas', 'Ralph Meeker', 'Adolphe Menjou']",8.4,197K,"['Drama', 'War']",United States,English,"$935,000","$5,252",1 hour 28 minutes
61,0081505,The Shining,1980,Stanley Kubrick,https://www.imdb.com/title/tt0081505/,"['Jack Nicholson', 'Shelley Duvall', 'Danny Lloyd']",8.4,1M,"['Drama', 'Horror']",United Kingdom,English,"$19,000,000","$47,333,264",2 hours 26 minutes
62,0032553,The Great Dictator,1940,Charles Chaplin,https://www.imdb.com/title/tt0032553/,"['Charles Chaplin', 'Paulette Goddard', 'Jack Oakie']",8.4,223K,"['Comedy', 'Drama', 'War']",United States,English,"$2,000,000","$970,263",2 hours 5 minutes
63,0051201,Witness for the Prosecution,1957,Billy Wilder,https://www.imdb.com/title/tt0051201/,"['Tyrone Power', 'Marlene Dietrich', 'Charles Laughton']",8.4,125K,"['Crime', 'Drama', 'Mystery']",United States,English,"$3,000,000","$7,693",1 hour 56 minutes
64,4154756,Avengers: Infinity War,2018,Anthony Russo,https://www.imdb.com/title/tt4154756/,"['Robert Downey Jr.', 'Chris Hemsworth', 'Mark Ruffalo']",8.4,1.1M,"['Action', 'Adventure', 'Sci-Fi']",United States,English,"$321,000,000","$2,048,359,754",2 hours 29 minutes
65,0090605,Aliens,1986,James Cameron,https://www.imdb.com/title/tt0090605/,"['Sigourney Weaver', 'Michael Biehn', 'Carrie Henn']",8.4,713K,"['Action', 'Adventure', 'Sci-Fi']",United Kingdom,English,"$18,500,000","$131,060,248",2 hours 17 minutes
66,0169547,American Beauty,1999,Sam Mendes,https://www.imdb.com/title/tt0169547/,"['Kevin Spacey', 'Annette Bening', 'Thora Birch']",8.4,1.1M,['Drama'],United States,English,"$15,000,000","$356,296,601",2 hours 2 minutes
67,4633694,Spider-Man: Into the Spider-Verse,2018,Bob Persichetti,https://www.imdb.com/title/tt4633694/,"['Shameik Moore', 'Jake Johnson', 'Hailee Steinfeld']",8.4,518K,"['Animation', 'Action', 'Adventure']",United States,English,"$90,000,000","$375,540,831",1 hour 57 minutes
68,0057012,Dr. Strangelove or: How I Learned to Stop Worrying and Love the Bomb,1964,Stanley Kubrick,https://www.imdb.com/title/tt0057012/,"['Peter Sellers', 'George C. Scott', 'Sterling Hayden']",8.4,489K,"['Comedy', 'War']",United Kingdom,English,"$1,800,000","$9,523,464",1 hour 35 minutes
69,1345836,The Dark Knight Rises,2012,Christopher Nolan,https://www.imdb.com/title/tt1345836/,"['Christian Bale', 'Tom Hardy', 'Anne Hathaway']",8.4,1.7M,"['Action', 'Drama']",United States,English,"$250,000,000","$1,081,153,097",2 hours 44 minutes
70,0364569,Oldboy,2003,Park Chan-wook,https://www.imdb.com/title/tt0364569/,"['Choi Min-sik', 'Yoo Ji-tae', 'Kang Hye-jeong']",8.4,575K,"['Action', 'Drama', 'Mystery']",South Korea,Korean,"$3,000,000","$15,415,702",2 hours
71,7286456,Joker,2019,Todd Phillips,https://www.imdb.com/title/tt7286456/,"['Joaquin Phoenix', 'Robert De Niro', 'Zazie Beetz']",8.4,1.3M,"['Crime', 'Drama', 'Thriller']",United States,English,"$55,000,000","$1,074,445,730",2 hours 2 minutes
72,0086879,Amadeus,1984,Milos Forman,https://www.imdb.com/title/tt0086879/,"['F. Murray Abraham', 'Tom Hulce', 'Elizabeth Berridge']",8.4,400K,"['Biography', 'Drama', 'Music']",United States,English,"$18,000,000","$52,066,791",2 hours 40 minutes
73,0114709,Toy Story,1995,John Lasseter,https://www.imdb.com/title/tt0114709/,"['Tom Hanks', 'Tim Allen', 'Don Rickles']",8.3,986K,"['Animation', 'Adventure', 'Comedy']",United States,English,"$30,000,000","$394,436,586",1 hour 21 minutes
74,0112573,Braveheart,1995,Mel Gibson,https://www.imdb.com/title/tt0112573/,"['Mel Gibson', 'Sophie Marceau', 'Patrick McGoohan']",8.4,1M,"['Biography', 'Drama', 'History']",United States,English,"$72,000,000","$213,216,216",2 hours 58 minutes
75,0361748,Inglourious Basterds,2009,Quentin Tarantino,https://www.imdb.com/title/tt0361748/,"['Brad Pitt', 'Diane Kruger', 'Eli Roth']",8.3,1.4M,"['Adventure', 'Drama', 'War']",Germany,English,"$70,000,000","$321,457,747",2 hours 33 minutes
76,2380307,Coco,2017,Lee Unkrich,https://www.imdb.com/title/tt2380307/,"['Anthony Gonzalez', 'Gael García Bernal', 'Benjamin Bratt']",8.4,498K,"['Animation', 'Adventure', 'Comedy']",United States,English,"$175,000,000","$807,817,888",1 hour 45 minutes
77,0082096,The Boat,1981,Wolfgang Petersen,https://www.imdb.com/title/tt0082096/,"['Jürgen Prochnow', 'Herbert Grönemeyer', 'Klaus Wennemann']",8.4,251K,"['Drama', 'War']",West Germany,German,"DEM 32,000,000","$11,487,676",2 hours 29 minutes
78,1745960,Top Gun: Maverick,2022,Joseph Kosinski,https://www.imdb.com/title/tt1745960/,"['Tom Cruise', 'Jennifer Connelly', 'Miles Teller']",8.4,397K,"['Action', 'Drama']",United States,English,"$170,000,000","$1,479,998,767",2 hours 10 minutes
79,4154796,Avengers: Endgame,2019,Anthony Russo,https://www.imdb.com/title/tt4154796/,"['Robert Downey Jr.', 'Chris Evans', 'Mark Ruffalo']",8.4,1.1M,"['Action', 'Adventure', 'Drama']",United States,English,"$356,000,000","$2,797,501,328",3 hours 1 minute
80,0119698,Princess Mononoke,1997,Hayao Miyazaki,https://www.imdb.com/title/tt0119698/,"['Yôji Matsuda', 'Yuriko Ishida', 'Yûko Tanaka']",8.4,392K,"['Animation', 'Action', 'Adventure']",Japan,Japanese,"¥2,400,000,000","$170,005,875",2 hours 14 minutes
81,0087843,Once Upon a Time in America,1984,Sergio Leone,https://www.imdb.com/title/tt0087843/,"['Robert De Niro', 'James Woods', 'Elizabeth McGovern']",8.3,350K,"['Crime', 'Drama']",Italy,English,"$30,000,000","$5,473,337",3 hours 49 minutes
82,0119217,Good Will Hunting,1997,Gus Van Sant,https://www.imdb.com/title/tt0119217/,"['Robin Williams', 'Matt Damon', 'Ben Affleck']",8.3,958K,"['Drama', 'Romance']",United States,English,"$10,000,000","$225,933,435",2 hours 6 minutes
83,5311514,Your Name.,2016,Makoto Shinkai,https://www.imdb.com/title/tt5311514/,"['Ryûnosuke Kamiki', 'Mone Kamishiraishi', 'Ryô Narita']",8.4,264K,"['Animation', 'Drama', 'Fantasy']",Japan,Japanese,"¥370,000,000","$358,180,115",1 hour 46 minutes
84,0180093,Requiem for a Dream,2000,Darren Aronofsky,https://www.imdb.com/title/tt0180093/,"['Ellen Burstyn', 'Jared Leto', 'Jennifer Connelly']",8.3,836K,['Drama'],United States,English,"$4,500,000","$7,390,108",1 hour 42 minutes
85,0435761,Toy Story 3,2010,Lee Unkrich,https://www.imdb.com/title/tt0435761/,"['Tom Hanks', 'Tim Allen', 'Joan Cusack']",8.3,830K,"['Animation', 'Adventure', 'Comedy']",United States,English,"$200,000,000","$1,066,970,811",1 hour 43 minutes
86,0045152,Singin' in the Rain,1952,Stanley Donen,https://www.imdb.com/title/tt0045152/,"['Gene Kelly', ""Donald O'Connor"", 'Debbie Reynolds']",8.3,242K,"['Comedy', 'Musical', 'Romance']",United States,English,"$2,540,800","$1,985,921",1 hour 43 minutes
87,1187043,3 Idiots,2009,Rajkumar Hirani,https://www.imdb.com/title/tt1187043/,"['Aamir Khan', 'Madhavan', 'Mona Singh']",8.4,397K,"['Comedy', 'Drama']",India,Hindi,"₹550,000,000","$60,262,836",2 hours 50 minutes
88,0057565,High and Low,1963,Akira Kurosawa,https://www.imdb.com/title/tt0057565/,"['Toshirô Mifune', 'Yutaka Sada', 'Tatsuya Nakadai']",8.4,45K,"['Crime', 'Drama', 'Mystery']",Japan,Japanese,,"$46,808",2 hours 23 minutes
89,0086190,Star Wars: Episode VI - Return of the Jedi,1983,Richard Marquand,https://www.imdb.com/title/tt0086190/,"['Mark Hamill', 'Harrison Ford', 'Carrie Fisher']",8.3,1M,"['Action', 'Adventure', 'Fantasy']",United States,English,"$32,500,000","$475,106,177",2 hours 11 minutes
90,0062622,2001: A Space Odyssey,1968,Stanley Kubrick,https://www.imdb.com/title/tt0062622/,"['Keir Dullea', 'Gary Lockwood', 'William Sylvester']",8.3,664K,"['Adventure', 'Sci-Fi']",United Kingdom,English,"$12,000,000","$65,877,808",2 hours 29 minutes
91,0338013,Eternal Sunshine of the Spotless Mind,2004,Michel Gondry,https://www.imdb.com/title/tt0338013/,"['Jim Carrey', 'Kate Winslet', 'Tom Wilkinson']",8.3,999K,"['Drama', 'Romance', 'Sci-Fi']",United States,English,"$20,000,000","$74,036,715",1 hour 48 minutes
92,0105236,Reservoir Dogs,1992,Quentin Tarantino,https://www.imdb.com/title/tt0105236/,"['Harvey Keitel', 'Tim Roth', 'Michael Madsen']",8.3,1M,"['Crime', 'Thriller']",United States,English,"$1,200,000","$2,913,644",1 hour 39 minutes
93,8267604,Capernaum,2018,Nadine Labaki,https://www.imdb.com/title/tt8267604/,"['Zain Al Rafeea', 'Yordanos Shiferaw', 'Boluwatife Treasure Bankole']",8.4,89K,['Drama'],Lebanon,Arabic,"$4,000,000","$64,417,003",2 hours 6 minutes
94,2106476,The Hunt,2012,Thomas Vinterberg,https://www.imdb.com/title/tt2106476/,"['Mads Mikkelsen', 'Thomas Bo Larsen', 'Annika Wedderkopp']",8.3,328K,['Drama'],Denmark,Danish,"$3,800,000","$15,886,373",1 hour 55 minutes
95,0033467,Citizen Kane,1941,Orson Welles,https://www.imdb.com/title/tt0033467/,"['Orson Welles', 'Joseph Cotten', 'Dorothy Comingore']",8.3,441K,"['Drama', 'Mystery']",United States,English,"$839,727","$1,645,133",1 hour 59 minutes
96,0056172,Lawrence of Arabia,1962,David Lean,https://www.imdb.com/title/tt0056172/,"[""Peter O'Toole"", 'Alec Guinness', 'Anthony Quinn']",8.3,293K,"['Adventure', 'Biography', 'Drama']",United Kingdom,English,"$15,000,000","$45,716,692",3 hours 38 minutes
97,0022100,M,1931,Fritz Lang,https://www.imdb.com/title/tt0022100/,"['Peter Lorre', 'Ellen Widmann', 'Inge Landgut']",8.3,158K,"['Crime', 'Mystery', 'Thriller']",Germany,German,,"$35,566",1 hour 39 minutes
98,0091251,Come and See,1985,Elem Klimov,https://www.imdb.com/title/tt0091251/,"['Aleksey Kravchenko', 'Olga Mironova', 'Liubomiras Laucevicius']",8.4,79K,"['Drama', 'Thriller', 'War']",Soviet Union,Russian,,"$20,929,648",2 hours 22 minutes
99,0053125,North by Northwest,1959,Alfred Hitchcock,https://www.imdb.com/title/tt0053125/,"['Cary Grant', 'Eva Marie Saint', 'James Mason']",8.3,327K,"['Action', 'Adventure', 'Mystery']",United States,English,"$3,101,000","$142,319",2 hours 16 minutes
100,0052357,Vertigo,1958,Alfred Hitchcock,https://www.imdb.com/title/tt0052357/,"['James Stewart', 'Kim Novak', 'Barbara Bel Geddes']",8.3,401K,"['Mystery', 'Romance', 'Thriller']",United States,English,"$2,479,000","$7,798,000",2 hours 8 minutes
101,0211915,Amélie,2001,Jean-Pierre Jeunet,https://www.imdb.com/title/tt0211915/,"['Audrey Tautou', 'Mathieu Kassovitz', 'Rufus']",8.3,753K,"['Comedy', 'Romance']",France,French,"$10,000,000","$174,122,191",2 hours 2 minutes
102,0066921,A Clockwork Orange,1971,Stanley Kubrick,https://www.imdb.com/title/tt0066921/,"['Malcolm McDowell', 'Patrick Magee', 'Michael Bates']",8.3,824K,"['Crime', 'Sci-Fi']",United Kingdom,English,"$2,200,000","$26,960,374",2 hours 16 minutes
103,0053604,The Apartment,1960,Billy Wilder,https://www.imdb.com/title/tt0053604/,"['Jack Lemmon', 'Shirley MacLaine', 'Fred MacMurray']",8.3,181K,"['Comedy', 'Drama', 'Romance']",United States,English,"$3,000,000","$18,778,738",2 hours 5 minutes
104,0036775,Double Indemnity,1944,Billy Wilder,https://www.imdb.com/title/tt0036775/,"['Fred MacMurray', 'Barbara Stanwyck', 'Edward G. Robinson']",8.3,157K,"['Crime', 'Drama', 'Film-Noir']",United States,English,"$927,262","$14,651",1 hour 47 minutes
105,0093058,Full Metal Jacket,1987,Stanley Kubrick,https://www.imdb.com/title/tt0093058/,"['Matthew Modine', 'R. Lee Ermey', ""Vincent D'Onofrio""]",8.3,738K,"['Drama', 'War']",United Kingdom,English,"$30,000,000","$46,357,676",1 hour 56 minutes
106,0044741,Ikiru,1952,Akira Kurosawa,https://www.imdb.com/title/tt0044741/,"['Takashi Shimura', 'Nobuo Kaneko', ""Shin'ichi Himori""]",8.3,78K,['Drama'],Japan,Japanese,,"$96,302",2 hours 23 minutes
107,8503618,Hamilton,2020,Thomas Kail,https://www.imdb.com/title/tt8503618/,"['Lin-Manuel Miranda', 'Phillipa Soo', 'Leslie Odom Jr.']",8.4,93K,"['Biography', 'Drama', 'History']",United States,English,,,2 hours 40 minutes
108,0086250,Scarface,1983,Brian De Palma,https://www.imdb.com/title/tt0086250/,"['Al Pacino', 'Michelle Pfeiffer', 'Steven Bauer']",8.3,832K,"['Crime', 'Drama']",United States,English,"$25,000,000","$65,884,703",2 hours 50 minutes
109,0070735,The Sting,1973,George Roy Hill,https://www.imdb.com/title/tt0070735/,"['Paul Newman', 'Robert Redford', 'Robert Shaw']",8.3,262K,"['Comedy', 'Crime', 'Drama']",United States,English,"$5,500,000","$156,000,000",2 hours 9 minutes
110,0056592,To Kill a Mockingbird,1962,Robert Mulligan,https://www.imdb.com/title/tt0056592/,"['Gregory Peck', 'John Megna', 'Frank Overton']",8.3,316K,"['Crime', 'Drama']",United States,English,"$2,000,000","$599,146",2 hours 9 minutes
111,0113277,Heat,1995,Michael Mann,https://www.imdb.com/title/tt0113277/,"['Al Pacino', 'Robert De Niro', 'Val Kilmer']",8.3,650K,"['Action', 'Crime', 'Drama']",United States,English,"$60,000,000","$187,436,818",2 hours 50 minutes
112,1049413,Up,2009,Pete Docter,https://www.imdb.com/title/tt1049413/,"['Edward Asner', 'Jordan Nagai', 'John Ratzenberger']",8.3,1M,"['Animation', 'Adventure', 'Comedy']",United States,English,"$175,000,000","$735,099,102",1 hour 36 minutes
113,0075314,Taxi Driver,1976,Martin Scorsese,https://www.imdb.com/title/tt0075314/,"['Robert De Niro', 'Jodie Foster', 'Cybill Shepherd']",8.2,822K,"['Crime', 'Drama']",United States,English,"$1,300,000","$28,570,902",1 hour 54 minutes
114,1255953,Incendies,2010,Denis Villeneuve,https://www.imdb.com/title/tt1255953/,"['Lubna Azabal', 'Mélissa Désormeaux-Poulin', 'Maxim Gaudette']",8.3,177K,"['Drama', 'Mystery']",Canada,French,"$6,800,000","$6,788,659",2 hours 11 minutes
115,0017136,Metropolis,1927,Fritz Lang,https://www.imdb.com/title/tt0017136/,"['Brigitte Helm', 'Alfred Abel', 'Gustav Fröhlich']",8.3,174K,"['Drama', 'Sci-Fi']",Germany,German,"DEM 6,000,000","$1,349,711",2 hours 33 minutes
116,1832382,A Separation,2011,Asghar Farhadi,https://www.imdb.com/title/tt1832382/,"['Payman Maadi', 'Leila Hatami', 'Sareh Bayat']",8.3,245K,['Drama'],Iran,Persian,"$500,000","$22,926,076",2 hours 3 minutes
117,0119488,L.A. Confidential,1997,Curtis Hanson,https://www.imdb.com/title/tt0119488/,"['Kevin Spacey', 'Russell Crowe', 'Guy Pearce']",8.2,581K,"['Crime', 'Drama', 'Mystery']",United States,English,"$35,000,000","$126,216,940",2 hours 18 minutes
118,0208092,Snatch,2000,Guy Ritchie,https://www.imdb.com/title/tt0208092/,"['Jason Statham', 'Brad Pitt', 'Stephen Graham']",8.2,851K,"['Comedy', 'Crime']",United Kingdom,English,"£6,000,000","$83,557,872",1 hour 42 minutes
119,0040522,Bicycle Thieves,1948,Vittorio De Sica,https://www.imdb.com/title/tt0040522/,"['Lamberto Maggiorani', 'Enzo Staiola', 'Lianella Carell']",8.3,163K,['Drama'],Italy,Italian,"$133,000","$436,655",1 hour 29 minutes
120,0095016,Die Hard,1988,John McTiernan,https://www.imdb.com/title/tt0095016/,"['Bruce Willis', 'Alan Rickman', 'Bonnie Bedelia']",8.2,870K,"['Action', 'Thriller']",United States,English,"$28,000,000","$141,603,197",2 hours 12 minutes
121,0097576,Indiana Jones and the Last Crusade,1989,Steven Spielberg,https://www.imdb.com/title/tt0097576/,"['Harrison Ford', 'Sean Connery', 'Alison Doody']",8.2,750K,"['Action', 'Adventure']",United States,English,"$48,000,000","$474,171,806",2 hours 7 minutes
122,8579674,1917,2019,Sam Mendes,https://www.imdb.com/title/tt8579674/,"['Dean-Charles Chapman', 'George MacKay', 'Daniel Mays']",8.2,577K,"['Action', 'Drama', 'War']",United Kingdom,English,"$95,000,000","$384,938,032",1 hour 59 minutes
123,0986264,Like Stars on Earth,2007,Aamir Khan,https://www.imdb.com/title/tt0986264/,"['Darsheel Safary', 'Aamir Khan', 'Tisca Chopra']",8.3,193K,"['Drama', 'Family']",India,Hindi,,"$21,897,373",2 hours 45 minutes
124,0363163,Downfall,2004,Oliver Hirschbiegel,https://www.imdb.com/title/tt0363163/,"['Bruno Ganz', 'Alexandra Maria Lara', 'Ulrich Matthes']",8.2,355K,"['Biography', 'Drama', 'History']",Germany,German,"€13,500,000","$92,181,574",2 hours 36 minutes
125,0059578,For a Few Dollars More,1965,Sergio Leone,https://www.imdb.com/title/tt0059578/,"['Clint Eastwood', 'Lee Van Cleef', 'Gian Maria Volontè']",8.2,256K,['Western'],Italy,Italian,"$600,000","$15,000,000",2 hours 12 minutes
126,0372784,Batman Begins,2005,Christopher Nolan,https://www.imdb.com/title/tt0372784/,"['Christian Bale', 'Michael Caine', 'Ken Watanabe']",8.2,1.5M,"['Action', 'Crime', 'Drama']",United States,English,"$150,000,000","$373,672,993",2 hours 20 minutes
127,5074352,Dangal,2016,Nitesh Tiwari,https://www.imdb.com/title/tt5074352/,"['Aamir Khan', 'Sakshi Tanwar', 'Fatima Sana Shaikh']",8.3,190K,"['Action', 'Biography', 'Drama']",India,Hindi,"₹700,000,000","$303,723,636",2 hours 41 minutes
128,0012349,The Kid,1921,Charles Chaplin,https://www.imdb.com/title/tt0012349/,"['Charles Chaplin', 'Edna Purviance', 'Jackie Coogan']",8.3,126K,"['Comedy', 'Drama', 'Family']",United States,English,"$250,000","$41,960",1 hour 8 minutes
129,0053291,Some Like It Hot,1959,Billy Wilder,https://www.imdb.com/title/tt0053291/,"['Marilyn Monroe', 'Tony Curtis', 'Jack Lemmon']",8.2,267K,"['Comedy', 'Music', 'Romance']",United States,English,"$2,883,848","$195,088",2 hours 1 minute
130,0042192,All About Eve,1950,Joseph L. Mankiewicz,https://www.imdb.com/title/tt0042192/,"['Bette Davis', 'Anne Baxter', 'George Sanders']",8.2,131K,['Drama'],United States,English,"$1,400,000","$151,052",2 hours 18 minutes
131,10272386,The Father,2020,Florian Zeller,https://www.imdb.com/title/tt10272386/,"['Anthony Hopkins', 'Olivia Colman', 'Mark Gatiss']",8.2,149K,"['Drama', 'Mystery']",United Kingdom,English,"$6,000,000","$24,721,910",1 hour 37 minutes
132,6966692,Green Book,2018,Peter Farrelly,https://www.imdb.com/title/tt6966692/,"['Viggo Mortensen', 'Mahershala Ali', 'Linda Cardellini']",8.2,483K,"['Biography', 'Comedy', 'Drama']",United States,English,"$23,000,000","$321,752,656",2 hours 10 minutes
133,0993846,The Wolf of Wall Street,2013,Martin Scorsese,https://www.imdb.com/title/tt0993846/,"['Leonardo DiCaprio', 'Jonah Hill', 'Margot Robbie']",8.2,1.4M,"['Biography', 'Comedy', 'Crime']",United States,English,"$100,000,000","$406,878,233",3 hours
134,0055031,Judgment at Nuremberg,1961,Stanley Kramer,https://www.imdb.com/title/tt0055031/,"['Spencer Tracy', 'Burt Lancaster', 'Richard Widmark']",8.3,78K,"['Drama', 'War']",United States,English,"$3,000,000","$12,180",2 hours 59 minutes
135,0089881,Ran,1985,Akira Kurosawa,https://www.imdb.com/title/tt0089881/,"['Tatsuya Nakadai', 'Akira Terao', 'Jinpachi Nezu']",8.2,126K,"['Action', 'Drama', 'War']",Japan,Japanese,"$11,500,000","$4,164,283",2 hours 42 minutes
136,0112641,Casino,1995,Martin Scorsese,https://www.imdb.com/title/tt0112641/,"['Robert De Niro', 'Sharon Stone', 'Joe Pesci']",8.2,517K,"['Crime', 'Drama']",United States,English,"$52,000,000","$116,112,375",2 hours 58 minutes
137,0457430,Pan's Labyrinth,2006,Guillermo del Toro,https://www.imdb.com/title/tt0457430/,"['Ivana Baquero', 'Ariadna Gil', 'Sergi López']",8.2,666K,"['Drama', 'Fantasy', 'War']",Mexico,Spanish,"$19,000,000","$83,862,032",1 hour 58 minutes
138,0105695,Unforgiven,1992,Clint Eastwood,https://www.imdb.com/title/tt0105695/,"['Clint Eastwood', 'Gene Hackman', 'Morgan Freeman']",8.2,411K,"['Drama', 'Western']",United States,English,"$14,400,000","$159,167,799",2 hours 10 minutes
139,0469494,There Will Be Blood,2007,Paul Thomas Anderson,https://www.imdb.com/title/tt0469494/,"['Daniel Day-Lewis', 'Paul Dano', 'Ciarán Hinds']",8.2,583K,['Drama'],United States,English,"$25,000,000","$76,182,388",2 hours 38 minutes
140,10872600,Spider-Man: No Way Home,2021,Jon Watts,https://www.imdb.com/title/tt10872600/,"['Tom Holland', 'Zendaya', 'Benedict Cumberbatch']",8.3,734K,"['Action', 'Adventure', 'Fantasy']",United States,English,"$200,000,000","$1,916,050,911",2 hours 28 minutes
141,0120382,The Truman Show,1998,Peter Weir,https://www.imdb.com/title/tt0120382/,"['Jim Carrey', 'Ed Harris', 'Laura Linney']",8.2,1.1M,"['Comedy', 'Drama']",United States,English,"$60,000,000","$264,118,201",1 hour 43 minutes
142,0167404,The Sixth Sense,1999,M. Night Shyamalan,https://www.imdb.com/title/tt0167404/,"['Bruce Willis', 'Haley Joel Osment', 'Toni Collette']",8.2,985K,"['Drama', 'Mystery', 'Thriller']",United States,English,"$40,000,000","$672,806,432",1 hour 47 minutes
143,0268978,A Beautiful Mind,2001,Ron Howard,https://www.imdb.com/title/tt0268978/,"['Russell Crowe', 'Ed Harris', 'Jennifer Connelly']",8.2,927K,"['Biography', 'Drama']",United States,English,"$58,000,000","$316,791,257",2 hours 15 minutes
144,0055630,Yojimbo,1961,Akira Kurosawa,https://www.imdb.com/title/tt0055630/,"['Toshirô Mifune', 'Eijirô Tôno', 'Tatsuya Nakadai']",8.2,123K,"['Action', 'Drama', 'Thriller']",Japan,Japanese,,"$46,808",1 hour 50 minutes
145,0071853,Monty Python and the Holy Grail,1975,Terry Gilliam,https://www.imdb.com/title/tt0071853/,"['Graham Chapman', 'John Cleese', 'Eric Idle']",8.2,540K,"['Adventure', 'Comedy', 'Fantasy']",United Kingdom,English,"£229,575","$1,940,906",1 hour 31 minutes
146,0040897,The Treasure of the Sierra Madre,1948,John Huston,https://www.imdb.com/title/tt0040897/,"['Humphrey Bogart', 'Walter Huston', 'Tim Holt']",8.2,125K,"['Adventure', 'Drama', 'Western']",United States,English,"$3,000,000","$5,014,000",2 hours 6 minutes
147,1130884,Shutter Island,2010,Martin Scorsese,https://www.imdb.com/title/tt1130884/,"['Leonardo DiCaprio', 'Emily Mortimer', 'Mark Ruffalo']",8.2,1.3M,"['Mystery', 'Thriller']",United States,English,"$80,000,000","$294,805,697",2 hours 18 minutes
148,0107290,Jurassic Park,1993,Steven Spielberg,https://www.imdb.com/title/tt0107290/,"['Sam Neill', 'Laura Dern', 'Jeff Goldblum']",8.2,981K,"['Action', 'Adventure', 'Sci-Fi']",United States,English,"$63,000,000","$1,109,802,321",2 hours 7 minutes
149,0042876,Rashomon,1950,Akira Kurosawa,https://www.imdb.com/title/tt0042876/,"['Toshirô Mifune', 'Machiko Kyô', 'Masayuki Mori']",8.2,168K,"['Crime', 'Drama', 'Mystery']",Japan,Japanese,"$250,000","$46,808",1 hour 28 minutes
150,0057115,The Great Escape,1963,John Sturges,https://www.imdb.com/title/tt0057115/,"['Steve McQueen', 'James Garner', 'Richard Attenborough']",8.2,244K,"['Adventure', 'Drama', 'History']",United States,English,"$4,000,000","$228,178",2 hours 52 minutes
151,0266697,Kill Bill: Vol. 1,2003,Quentin Tarantino,https://www.imdb.com/title/tt0266697/,"['Uma Thurman', 'David Carradine', 'Daryl Hannah']",8.2,1.1M,"['Action', 'Crime', 'Drama']",United States,English,"$30,000,000","$180,906,076",1 hour 51 minutes
152,0477348,No Country for Old Men,2007,Ethan Coen,https://www.imdb.com/title/tt0477348/,"['Tommy Lee Jones', 'Javier Bardem', 'Josh Brolin']",8.2,963K,"['Crime', 'Drama', 'Thriller']",United States,English,"$25,000,000","$171,627,166",2 hours 2 minutes
153,0266543,Finding Nemo,2003,Andrew Stanton,https://www.imdb.com/title/tt0266543/,"['Albert Brooks', 'Ellen DeGeneres', 'Alexander Gould']",8.2,1M,"['Animation', 'Adventure', 'Comedy']",United States,English,"$94,000,000","$940,352,645",1 hour 40 minutes
154,0080678,The Elephant Man,1980,David Lynch,https://www.imdb.com/title/tt0080678/,"['Anthony Hopkins', 'John Hurt', 'Anne Bancroft']",8.2,241K,"['Biography', 'Drama']",United States,English,"$5,000,000","$26,023,860",2 hours 4 minutes
155,0071315,Chinatown,1974,Roman Polanski,https://www.imdb.com/title/tt0071315/,"['Jack Nicholson', 'Faye Dunaway', 'John Huston']",8.2,326K,"['Drama', 'Mystery', 'Thriller']",United States,English,"$6,000,000","$29,225,935",2 hours 10 minutes
156,0081398,Raging Bull,1980,Martin Scorsese,https://www.imdb.com/title/tt0081398/,"['Robert De Niro', 'Cathy Moriarty', 'Joe Pesci']",8.2,353K,"['Biography', 'Drama', 'Sport']",United States,English,"$18,000,000","$23,402,427",2 hours 9 minutes
157,0084787,The Thing,1982,John Carpenter,https://www.imdb.com/title/tt0084787/,"['Kurt Russell', 'Wilford Brimley', 'Keith David']",8.2,421K,"['Horror', 'Mystery', 'Sci-Fi']",United States,English,"$15,000,000","$19,632,715",1 hour 49 minutes
158,0031381,Gone with the Wind,1939,Victor Fleming,https://www.imdb.com/title/tt0031381/,"['Clark Gable', 'Vivien Leigh', 'Thomas Mitchell']",8.2,315K,"['Drama', 'Romance', 'War']",United States,English,"$3,977,000","$402,382,193",3 hours 58 minutes
159,0434409,V for Vendetta,2005,James McTeigue,https://www.imdb.com/title/tt0434409/,"['Hugo Weaving', 'Natalie Portman', 'Rupert Graves']",8.2,1.1M,"['Action', 'Drama', 'Sci-Fi']",United States,English,"$54,000,000","$132,511,035",2 hours 12 minutes
160,2096673,Inside Out,2015,Pete Docter,https://www.imdb.com/title/tt2096673/,"['Amy Poehler', 'Bill Hader', 'Lewis Black']",8.2,707K,"['Animation', 'Adventure', 'Comedy']",United States,English,"$175,000,000","$858,848,019",1 hour 35 minutes
161,0120735,"Lock, Stock and Two Smoking Barrels",1998,Guy Ritchie,https://www.imdb.com/title/tt0120735/,"['Jason Flemyng', 'Dexter Fletcher', 'Nick Moran']",8.2,580K,"['Action', 'Comedy', 'Crime']",United Kingdom,English,"£960,000","$3,753,929",1 hour 47 minutes
162,0046912,Dial M for Murder,1954,Alfred Hitchcock,https://www.imdb.com/title/tt0046912/,"['Ray Milland', 'Grace Kelly', 'Robert Cummings']",8.2,176K,"['Crime', 'Thriller']",United States,English,"$1,400,000","$31,207",1 hour 45 minutes
163,1305806,The Secret in Their Eyes,2009,Juan José Campanella,https://www.imdb.com/title/tt1305806/,"['Ricardo Darín', 'Soledad Villamil', 'Pablo Rago']",8.2,209K,"['Drama', 'Mystery', 'Romance']",Argentina,Spanish,"$2,000,000","$35,079,650",2 hours 9 minutes
164,0347149,Howl's Moving Castle,2004,Hayao Miyazaki,https://www.imdb.com/title/tt0347149/,"['Chieko Baishô', 'Takuya Kimura', 'Tatsuya Gashûin']",8.2,392K,"['Animation', 'Adventure', 'Family']",Japan,Japanese,"$24,000,000","$237,536,126",1 hour 59 minutes
165,0050212,The Bridge on the River Kwai,1957,David Lean,https://www.imdb.com/title/tt0050212/,"['William Holden', 'Alec Guinness', 'Jack Hawkins']",8.2,220K,"['Adventure', 'Drama', 'War']",United Kingdom,English,"$3,000,000","$27,200,000",2 hours 41 minutes
166,5027774,"Three Billboards Outside Ebbing, Missouri",2017,Martin McDonagh,https://www.imdb.com/title/tt5027774/,"['Frances McDormand', 'Woody Harrelson', 'Sam Rockwell']",8.1,502K,"['Comedy', 'Crime', 'Drama']",United Kingdom,English,"$15,000,000","$160,260,573",1 hour 55 minutes
167,0117951,Trainspotting,1996,Danny Boyle,https://www.imdb.com/title/tt0117951/,"['Ewan McGregor', 'Ewen Bremner', 'Jonny Lee Miller']",8.1,684K,['Drama'],United Kingdom,English,"£1,500,000","$16,767,475",1 hour 33 minutes
168,1291584,Warrior,2011,Gavin O'Connor,https://www.imdb.com/title/tt1291584/,"['Tom Hardy', 'Nick Nolte', 'Joel Edgerton']",8.2,471K,"['Action', 'Drama', 'Sport']",United States,English,"$25,000,000","$23,308,615",2 hours 20 minutes
169,1205489,Gran Torino,2008,Clint Eastwood,https://www.imdb.com/title/tt1205489/,"['Clint Eastwood', 'Bee Vang', 'Christopher Carley']",8.1,772K,['Drama'],Germany,English,"$33,000,000","$269,958,228",1 hour 56 minutes
170,0116282,Fargo,1996,Joel Coen,https://www.imdb.com/title/tt0116282/,"['William H. Macy', 'Frances McDormand', 'Steve Buscemi']",8.1,675K,"['Crime', 'Thriller']",United States,English,"$7,000,000","$60,611,975",1 hour 38 minutes
171,1392214,Prisoners,2013,Denis Villeneuve,https://www.imdb.com/title/tt1392214/,"['Hugh Jackman', 'Jake Gyllenhaal', 'Viola Davis']",8.1,702K,"['Crime', 'Drama', 'Mystery']",United States,English,"$46,000,000","$122,126,687",2 hours 33 minutes
172,0096283,My Neighbor Totoro,1988,Hayao Miyazaki,https://www.imdb.com/title/tt0096283/,"['Hitoshi Takagi', 'Noriko Hidaka', 'Chika Sakamoto']",8.1,337K,"['Animation', 'Comedy', 'Family']",Japan,Japanese,"$3,700,000","$30,574,632",1 hour 26 minutes
173,0405159,Million Dollar Baby,2004,Clint Eastwood,https://www.imdb.com/title/tt0405159/,"['Hilary Swank', 'Clint Eastwood', 'Morgan Freeman']",8.1,685K,"['Drama', 'Sport']",United States,English,"$30,000,000","$216,763,646",2 hours 12 minutes
174,0264464,Catch Me If You Can,2002,Steven Spielberg,https://www.imdb.com/title/tt0264464/,"['Leonardo DiCaprio', 'Tom Hanks', 'Christopher Walken']",8.1,969K,"['Biography', 'Crime', 'Drama']",United States,English,"$52,000,000","$352,114,312",2 hours 21 minutes
175,0015864,The Gold Rush,1925,Charles Chaplin,https://www.imdb.com/title/tt0015864/,"['Charles Chaplin', 'Mack Swain', 'Tom Murray']",8.2,111K,"['Adventure', 'Comedy', 'Drama']",United States,English,"$923,000","$29,328",1 hour 35 minutes
176,0118849,Children of Heaven,1997,Majid Majidi,https://www.imdb.com/title/tt0118849/,"['Mohammad Amir Naji', 'Amir Farrokh Hashemian', 'Bahare Seddiqi']",8.2,75K,"['Drama', 'Family', 'Sport']",Iran,Persian,"$180,000","$933,933",1 hour 29 minutes
177,0083658,Blade Runner,1982,Ridley Scott,https://www.imdb.com/title/tt0083658/,"['Harrison Ford', 'Rutger Hauer', 'Sean Young']",8.1,764K,"['Action', 'Drama', 'Sci-Fi']",United States,English,MVR 20,"$41,722,424",1 hour 57 minutes
178,0047296,On the Waterfront,1954,Elia Kazan,https://www.imdb.com/title/tt0047296/,"['Marlon Brando', 'Karl Malden', 'Lee J. Cobb']",8.1,155K,"['Crime', 'Drama', 'Thriller']",United States,English,"$910,000",,1 hour 48 minutes
179,0041959,The Third Man,1949,Carol Reed,https://www.imdb.com/title/tt0041959/,"['Orson Welles', 'Joseph Cotten', 'Alida Valli']",8.1,172K,"['Film-Noir', 'Mystery', 'Thriller']",United Kingdom,English,,"$1,226,507",1 hour 33 minutes
180,2024544,12 Years a Slave,2013,Steve McQueen,https://www.imdb.com/title/tt2024544/,"['Chiwetel Ejiofor', 'Michael Kenneth Williams', 'Michael Fassbender']",8.1,697K,"['Biography', 'Drama', 'History']",United States,English,"$20,000,000","$187,733,202",2 hours 14 minutes
181,0112471,Before Sunrise,1995,Richard Linklater,https://www.imdb.com/title/tt0112471/,"['Ethan Hawke', 'Julie Delpy', 'Andrea Eckert']",8.1,306K,"['Drama', 'Romance']",United States,English,"$2,500,000","$5,987,386",1 hour 41 minutes
182,0050986,Wild Strawberries,1957,Ingmar Bergman,https://www.imdb.com/title/tt0050986/,"['Victor Sjöström', 'Bibi Andersson', 'Ingrid Thulin']",8.1,107K,"['Drama', 'Romance']",Sweden,Swedish,,"$60,418",1 hour 31 minutes
183,1201607,Harry Potter and the Deathly Hallows: Part 2,2011,David Yates,https://www.imdb.com/title/tt1201607/,"['Daniel Radcliffe', 'Emma Watson', 'Rupert Grint']",8.1,867K,"['Adventure', 'Family', 'Fantasy']",United Kingdom,English,"$125,000,000","$1,342,359,942",2 hours 10 minutes
184,0052618,Ben-Hur,1959,William Wyler,https://www.imdb.com/title/tt0052618/,"['Charlton Heston', 'Jack Hawkins', 'Stephen Boyd']",8.1,239K,"['Adventure', 'Drama']",United States,English,"$15,000,000","$74,437,720",3 hours 32 minutes
185,2267998,Gone Girl,2014,David Fincher,https://www.imdb.com/title/tt2267998/,"['Ben Affleck', 'Rosamund Pike', 'Neil Patrick Harris']",8.1,974K,"['Drama', 'Mystery', 'Thriller']",United States,English,"$61,000,000","$369,330,363",2 hours 29 minutes
186,0017925,The General,1926,Clyde Bruckman,https://www.imdb.com/title/tt0017925/,"['Buster Keaton', 'Marion Mack', 'Glen Cavender']",8.2,92K,"['Action', 'Adventure', 'Comedy']",United States,None,"$750,000",,1 hour 7 minutes
187,0077416,The Deer Hunter,1978,Michael Cimino,https://www.imdb.com/title/tt0077416/,"['Robert De Niro', 'Christopher Walken', 'John Cazale']",8.1,339K,"['Drama', 'War']",United States,English,"$15,000,000","$49,074,379",3 hours 3 minutes
188,0107207,In the Name of the Father,1993,Jim Sheridan,https://www.imdb.com/title/tt0107207/,"['Daniel Day-Lewis', 'Pete Postlethwaite', 'Alison Crosbie']",8.1,175K,"['Biography', 'Crime', 'Drama']",Ireland,English,"$13,000,000","$65,796,862",2 hours 13 minutes
189,2278388,The Grand Budapest Hotel,2014,Wes Anderson,https://www.imdb.com/title/tt2278388/,"['Ralph Fiennes', 'F. Murray Abraham', 'Mathieu Amalric']",8.1,801K,"['Adventure', 'Comedy', 'Crime']",United States,English,"$25,000,000","$173,082,189",1 hour 39 minutes
190,0072684,Barry Lyndon,1975,Stanley Kubrick,https://www.imdb.com/title/tt0072684/,"[""Ryan O'Neal"", 'Marisa Berenson', 'Patrick Magee']",8.1,167K,"['Adventure', 'Drama', 'War']",United Kingdom,English,"$11,000,000","$198,992",3 hours 5 minutes
191,0046268,The Wages of Fear,1953,Henri-Georges Clouzot,https://www.imdb.com/title/tt0046268/,"['Yves Montand', 'Charles Vanel', 'Peter van Eyck']",8.2,61K,"['Adventure', 'Drama', 'Thriller']",France,French,,"$1,098",2 hours 11 minutes
192,0015324,Sherlock Jr.,1924,Buster Keaton,https://www.imdb.com/title/tt0015324/,"['Buster Keaton', 'Kathryn McGuire', 'Joe Keaton']",8.2,50K,"['Action', 'Comedy', 'Romance']",United States,English,,,45 minutes
193,0031679,Mr. Smith Goes to Washington,1939,Frank Capra,https://www.imdb.com/title/tt0031679/,"['James Stewart', 'Jean Arthur', 'Claude Rains']",8.1,116K,"['Comedy', 'Drama']",United States,English,"$1,900,000","$144,738",2 hours 9 minutes
194,0353969,Memories of Murder,2003,Bong Joon Ho,https://www.imdb.com/title/tt0353969/,"['Song Kang-ho', 'Kim Sang-kyung', 'Roe-ha Kim']",8.1,182K,"['Crime', 'Drama', 'Mystery']",South Korea,Korean,"$2,800,000","$1,166,717",2 hours 12 minutes
195,2119532,Hacksaw Ridge,2016,Mel Gibson,https://www.imdb.com/title/tt2119532/,"['Andrew Garfield', 'Sam Worthington', 'Luke Bracey']",8.1,519K,"['Biography', 'Drama', 'History']",Australia,English,"$40,000,000","$180,563,636",2 hours 19 minutes
196,4729430,Klaus,2019,Sergio Pablos,https://www.imdb.com/title/tt4729430/,"['Jason Schwartzman', 'J.K. Simmons', 'Rashida Jones']",8.1,148K,"['Animation', 'Adventure', 'Comedy']",Spain,English,"$40,000,000",,1 hour 36 minutes
197,3011894,Wild Tales,2014,Damián Szifron,https://www.imdb.com/title/tt3011894/,"['Darío Grandinetti', 'María Marull', 'Mónica Villa']",8.1,198K,"['Comedy', 'Drama', 'Thriller']",Argentina,Spanish,"$3,300,000","$31,061,476",2 hours 2 minutes
198,0050976,The Seventh Seal,1957,Ingmar Bergman,https://www.imdb.com/title/tt0050976/,"['Max von Sydow', 'Gunnar Björnstrand', 'Bengt Ekerot']",8.1,185K,"['Drama', 'Fantasy']",Sweden,Swedish,"$150,000","$311,212",1 hour 36 minutes
199,3170832,Room,2015,Lenny Abrahamson,https://www.imdb.com/title/tt3170832/,"['Brie Larson', 'Jacob Tremblay', 'Sean Bridgers']",8.1,419K,"['Drama', 'Thriller']",Ireland,English,"$13,000,000","$35,401,758",1 hour 58 minutes
200,1392190,Mad Max: Fury Road,2015,George Miller,https://www.imdb.com/title/tt1392190/,"['Tom Hardy', 'Charlize Theron', 'Nicholas Hoult']",8.1,993K,"['Action', 'Adventure', 'Sci-Fi']",Australia,English,"$150,000,000","$375,709,470",2 hours
201,0978762,Mary and Max,2009,Adam Elliot,https://www.imdb.com/title/tt0978762/,"['Toni Collette', 'Philip Seymour Hoffman', 'Eric Bana']",8.1,177K,"['Animation', 'Comedy', 'Drama']",Australia,English,"A$8,240,000","$1,740,429",1 hour 32 minutes
202,0892769,How to Train Your Dragon,2010,Dean DeBlois,https://www.imdb.com/title/tt0892769/,"['Jay Baruchel', 'Gerard Butler', 'Christopher Mintz-Plasse']",8.1,735K,"['Animation', 'Action', 'Adventure']",United States,English,"$165,000,000","$494,879,471",1 hour 38 minutes
203,0118715,The Big Lebowski,1998,Joel Coen,https://www.imdb.com/title/tt0118715/,"['Jeff Bridges', 'John Goodman', 'Julianne Moore']",8.1,804K,"['Comedy', 'Crime']",United States,English,"$15,000,000","$46,969,409",1 hour 57 minutes
204,0198781,"Monsters, Inc.",2001,Pete Docter,https://www.imdb.com/title/tt0198781/,"['Billy Crystal', 'John Goodman', 'Mary Gibbs']",8.1,902K,"['Animation', 'Adventure', 'Comedy']",United States,English,"$115,000,000","$579,707,738",1 hour 32 minutes
205,0073195,Jaws,1975,Steven Spielberg,https://www.imdb.com/title/tt0073195/,"['Roy Scheider', 'Robert Shaw', 'Richard Dreyfuss']",8.1,602K,"['Adventure', 'Thriller']",United States,English,"$7,000,000","$476,512,065",2 hours 4 minutes
206,0019254,The Passion of Joan of Arc,1928,Carl Theodor Dreyer,https://www.imdb.com/title/tt0019254/,"['Maria Falconetti', 'Eugene Silvain', 'André Berley']",8.2,55K,"['Biography', 'Drama', 'History']",France,None,,"$21,877",1 hour 54 minutes
207,0046438,Tokyo Story,1953,Yasujirô Ozu,https://www.imdb.com/title/tt0046438/,"['Chishû Ryû', 'Chieko Higashiyama', 'Sô Yamamura']",8.2,62K,['Drama'],Japan,Japanese,,"$37,880",2 hours 16 minutes
208,0097165,Dead Poets Society,1989,Peter Weir,https://www.imdb.com/title/tt0097165/,"['Robin Williams', 'Robert Sean Leonard', 'Ethan Hawke']",8.1,486K,"['Comedy', 'Drama']",United States,English,"$16,400,000","$235,860,116",2 hours 8 minutes
209,0395169,Hotel Rwanda,2004,Terry George,https://www.imdb.com/title/tt0395169/,"['Don Cheadle', 'Sophie Okonedo', 'Joaquin Phoenix']",8.1,355K,"['Biography', 'Drama', 'History']",United Kingdom,English,"$17,500,000","$33,882,243",2 hours 1 minute
210,1950186,Ford v Ferrari,2019,James Mangold,https://www.imdb.com/title/tt1950186/,"['Matt Damon', 'Christian Bale', 'Jon Bernthal']",8.1,386K,"['Action', 'Biography', 'Drama']",United States,English,"$97,600,000","$225,508,210",2 hours 32 minutes
211,6710474,Everything Everywhere All at Once,2022,Dan Kwan,https://www.imdb.com/title/tt6710474/,"['Michelle Yeoh', 'Stephanie Hsu', 'Jamie Lee Curtis']",8.1,219K,"['Action', 'Adventure', 'Comedy']",United States,English,"$25,000,000","$99,868,939",2 hours 19 minutes
212,0075148,Rocky,1976,John G. Avildsen,https://www.imdb.com/title/tt0075148/,"['Sylvester Stallone', 'Talia Shire', 'Burt Young']",8.1,572K,"['Drama', 'Sport']",United States,English,"$960,000","$117,250,402",2 hours
213,0091763,Platoon,1986,Oliver Stone,https://www.imdb.com/title/tt0091763/,"['Charlie Sheen', 'Tom Berenger', 'Willem Dafoe']",8.1,413K,"['Drama', 'War']",United States,English,"$6,000,000","$138,545,632",2 hours
214,0048473,Pather Panchali,1955,Satyajit Ray,https://www.imdb.com/title/tt0048473/,"['Kanu Bannerjee', 'Karuna Bannerjee', 'Subir Banerjee']",8.3,33K,['Drama'],India,Bengali,,"$135,342",2 hours 5 minutes
215,0092005,Stand by Me,1986,Rob Reiner,https://www.imdb.com/title/tt0092005/,"['Wil Wheaton', 'River Phoenix', 'Corey Feldman']",8.1,402K,"['Adventure', 'Drama']",United States,English,"$8,000,000","$52,287,414",1 hour 29 minutes
216,0088247,The Terminator,1984,James Cameron,https://www.imdb.com/title/tt0088247/,"['Arnold Schwarzenegger', 'Linda Hamilton', 'Michael Biehn']",8.1,859K,"['Action', 'Sci-Fi']",United Kingdom,English,"$6,400,000","$78,371,200",1 hour 47 minutes
217,1895587,Spotlight,2015,Tom McCarthy,https://www.imdb.com/title/tt1895587/,"['Mark Ruffalo', 'Michael Keaton', 'Rachel McAdams']",8.1,467K,"['Biography', 'Crime', 'Drama']",United States,English,"$20,000,000","$98,690,254",2 hours 9 minutes
218,1979320,Rush,2013,Ron Howard,https://www.imdb.com/title/tt1979320/,"['Daniel Brühl', 'Chris Hemsworth', 'Olivia Wilde']",8.1,478K,"['Action', 'Biography', 'Drama']",United Kingdom,English,"$38,000,000","$96,983,009",2 hours 3 minutes
219,3315342,Logan,2017,James Mangold,https://www.imdb.com/title/tt3315342/,"['Hugh Jackman', 'Patrick Stewart', 'Dafne Keen']",8.1,754K,"['Action', 'Drama', 'Sci-Fi']",United States,English,"$97,000,000","$619,179,950",2 hours 17 minutes
220,0382932,Ratatouille,2007,Brad Bird,https://www.imdb.com/title/tt0382932/,"['Brad Garrett', 'Lou Romano', 'Patton Oswalt']",8.1,728K,"['Animation', 'Adventure', 'Comedy']",United States,English,"$150,000,000","$623,726,085",1 hour 51 minutes
221,0074958,Network,1976,Sidney Lumet,https://www.imdb.com/title/tt0074958/,"['Faye Dunaway', 'William Holden', 'Peter Finch']",8.1,160K,['Drama'],United States,English,"$3,800,000","$23,690,757",2 hours 1 minute
222,0758758,Into the Wild,2007,Sean Penn,https://www.imdb.com/title/tt0758758/,"['Emile Hirsch', 'Vince Vaughn', 'Catherine Keener']",8.1,621K,"['Adventure', 'Biography', 'Drama']",United States,English,"$15,000,000","$56,675,895",2 hours 28 minutes
223,0032138,The Wizard of Oz,1939,Victor Fleming,https://www.imdb.com/title/tt0032138/,"['Judy Garland', 'Frank Morgan', 'Ray Bolger']",8.1,398K,"['Adventure', 'Family', 'Fantasy']",United States,English,"$2,777,000","$25,637,669",1 hour 42 minutes
224,0381681,Before Sunset,2004,Richard Linklater,https://www.imdb.com/title/tt0381681/,"['Ethan Hawke', 'Julie Delpy', 'Vernon Dobtcheff']",8.1,263K,"['Drama', 'Romance']",United States,English,"$2,700,000","$15,849,759",1 hour 20 minutes
225,0107048,Groundhog Day,1993,Harold Ramis,https://www.imdb.com/title/tt0107048/,"['Bill Murray', 'Andie MacDowell', 'Chris Elliott']",8.1,627K,"['Comedy', 'Drama', 'Fantasy']",United States,English,"$14,600,000","$71,108,591",1 hour 41 minutes
226,0070047,The Exorcist,1973,William Friedkin,https://www.imdb.com/title/tt0070047/,"['Ellen Burstyn', 'Max von Sydow', 'Linda Blair']",8.1,404K,['Horror'],United States,English,"$11,000,000","$441,306,145",2 hours 2 minutes
227,0036868,The Best Years of Our Lives,1946,William Wyler,https://www.imdb.com/title/tt0036868/,"['Myrna Loy', 'Dana Andrews', 'Fredric March']",8.1,65K,"['Drama', 'Romance', 'War']",United States,English,"$2,100,000","$23,656,620",2 hours 50 minutes
228,0035446,To Be or Not to Be,1942,Ernst Lubitsch,https://www.imdb.com/title/tt0035446/,"['Carole Lombard', 'Jack Benny', 'Robert Stack']",8.2,37K,"['Comedy', 'Romance', 'War']",United States,English,,"$4,578,000",1 hour 39 minutes
229,0317705,The Incredibles,2004,Brad Bird,https://www.imdb.com/title/tt0317705/,"['Craig T. Nelson', 'Samuel L. Jackson', 'Holly Hunter']",8.0,731K,"['Animation', 'Action', 'Adventure']",United States,English,"$92,000,000","$631,607,053",1 hour 55 minutes
230,0058946,The Battle of Algiers,1966,Gillo Pontecorvo,https://www.imdb.com/title/tt0058946/,"['Brahim Hadjadj', 'Jean Martin', 'Yacef Saadi']",8.1,60K,"['Drama', 'War']",Italy,Arabic,"$800,000","$962,002",2 hours 1 minute
231,15097216,Jai Bhim,2021,T.J. Gnanavel,https://www.imdb.com/title/tt15097216/,"['Suriya', 'Lijo Mol Jose', 'Manikandan K.']",8.9,199K,"['Crime', 'Drama', 'Mystery']",India,Tamil,,,2 hours 44 minutes
232,1028532,Hachi: A Dog's Tale,2009,Lasse Hallström,https://www.imdb.com/title/tt1028532/,"['Richard Gere', 'Joan Allen', 'Cary-Hiroyuki Tagawa']",8.1,284K,"['Biography', 'Drama', 'Family']",United Kingdom,English,"$16,000,000","$46,749,646",1 hour 33 minutes
233,0032551,The Grapes of Wrath,1940,John Ford,https://www.imdb.com/title/tt0032551/,"['Henry Fonda', 'Jane Darwell', 'John Carradine']",8.1,93K,['Drama'],United States,English,"$800,000",,2 hours 9 minutes
234,0032976,Rebecca,1940,Alfred Hitchcock,https://www.imdb.com/title/tt0032976/,"['Laurence Olivier', 'Joan Fontaine', 'George Sanders']",8.1,137K,"['Drama', 'Film-Noir', 'Mystery']",United States,English,"$1,288,000","$72,275",2 hours 10 minutes
235,0245712,Amores perros,2000,Alejandro G. Iñárritu,https://www.imdb.com/title/tt0245712/,"['Emilio Echevarría', 'Gael García Bernal', 'Goya Toledo']",8.1,240K,"['Drama', 'Thriller']",Mexico,Spanish,"$2,000,000","$20,908,467",2 hours 34 minutes
236,0476735,My Father and My Son,2005,Cagan Irmak,https://www.imdb.com/title/tt0476735/,"['Çetin Tekindor', 'Fikret Kuskan', 'Hümeyra']",8.2,87K,"['Drama', 'Family']",Turkey,Turkish,,"$18,612,999",1 hour 52 minutes
237,0325980,Pirates of the Caribbean: The Curse of the Black Pearl,2003,Gore Verbinski,https://www.imdb.com/title/tt0325980/,"['Johnny Depp', 'Geoffrey Rush', 'Orlando Bloom']",8.1,1.1M,"['Action', 'Adventure', 'Fantasy']",United States,English,"$140,000,000","$654,264,015",2 hours 23 minutes
238,0113247,La Haine,1995,Mathieu Kassovitz,https://www.imdb.com/title/tt0113247/,"['Vincent Cassel', 'Hubert Koundé', 'Saïd Taghmaoui']",8.1,173K,"['Crime', 'Drama']",France,French,"€2,590,000","$412,914",1 hour 38 minutes
239,0061512,Cool Hand Luke,1967,Stuart Rosenberg,https://www.imdb.com/title/tt0061512/,"['Paul Newman', 'George Kennedy', 'Strother Martin']",8.1,177K,"['Crime', 'Drama']",United States,English,"$3,200,000",$67,2 hours 7 minutes
240,0053198,The 400 Blows,1959,François Truffaut,https://www.imdb.com/title/tt0053198/,"['Jean-Pierre Léaud', 'Albert Rémy', 'Claire Maurier']",8.1,118K,"['Crime', 'Drama']",France,French,,"$127,244",1 hour 39 minutes
241,0060827,Persona,1966,Ingmar Bergman,https://www.imdb.com/title/tt0060827/,"['Bibi Andersson', 'Liv Ullmann', 'Margaretha Krook']",8.1,119K,"['Drama', 'Thriller']",Sweden,Swedish,,"$90,556",1 hour 23 minutes
242,0025316,It Happened One Night,1934,Frank Capra,https://www.imdb.com/title/tt0025316/,"['Clark Gable', 'Claudette Colbert', 'Walter Connolly']",8.1,104K,"['Comedy', 'Romance']",United States,English,"$325,000",,1 hour 45 minutes
243,4016934,The Handmaiden,2016,Park Chan-wook,https://www.imdb.com/title/tt4016934/,"['Kim Min-hee', 'Ha Jung-woo', 'Cho Jin-woong']",8.1,146K,"['Drama', 'Romance', 'Thriller']",South Korea,Korean,"₩10,000,000,000","$37,854,655",2 hours 25 minutes
244,0079470,Life of Brian,1979,Terry Jones,https://www.imdb.com/title/tt0079470/,"['Graham Chapman', 'John Cleese', 'Michael Palin']",8.0,399K,['Comedy'],United Kingdom,English,"$4,000,000","$20,745,728",1 hour 34 minutes
245,0059742,The Sound of Music,1965,Robert Wise,https://www.imdb.com/title/tt0059742/,"['Julie Andrews', 'Christopher Plummer', 'Eleanor Parker']",8.1,233K,"['Biography', 'Drama', 'Family']",United States,English,"$8,200,000","$159,428,329",2 hours 52 minutes
246,0071411,Dersu Uzala,1975,Akira Kurosawa,https://www.imdb.com/title/tt0071411/,"['Maksim Munzuk', 'Yuriy Solomin', 'Mikhail Bychkov']",8.2,30K,"['Adventure', 'Biography', 'Drama']",Soviet Union,Russian,"$4,000,000","$14,480",2 hours 22 minutes
247,1454029,The Help,2011,Tate Taylor,https://www.imdb.com/title/tt1454029/,"['Viola Davis', 'Emma Stone', 'Octavia Spencer']",8.1,458K,['Drama'],United States,English,"$25,000,000","$216,639,112",2 hours 26 minutes
248,0083987,Gandhi,1982,Richard Attenborough,https://www.imdb.com/title/tt0083987/,"['Ben Kingsley', 'John Gielgud', 'Rohini Hattangadi']",8.1,232K,"['Biography', 'Drama']",United Kingdom,English,"$22,000,000","$52,767,889",3 hours 11 minutes
249,0103639,Aladdin,1992,Ron Clements,https://www.imdb.com/title/tt0103639/,"['Scott Weinger', 'Robin Williams', 'Linda Larkin']",8.0,417K,"['Animation', 'Adventure', 'Comedy']",United States,English,"$28,000,000","$504,050,219",1 hour 30 minutes
250,0129167,The Iron Giant,1999,Brad Bird,https://www.imdb.com/title/tt0129167/,"['Eli Marienthal', 'Harry Connick Jr.', 'Jennifer Aniston']",8.1,196K,"['Animation', 'Action', 'Adventure']",United States,English,"$70,000,000","$23,335,817",1 hour 26 minutes
